['http://SDS.zepinc.com', 'http://zep.com/', 'http://zep.com/about/about_main.htm', 'http://zep.com/zepsearch/default2.aspx?country=U', 'Markets/industries.html', 'http://www.zepinc.com/careers/default.aspx', 'http://www.zepinc.com/', 'http://www.zepconnect.com', 'http://zep.com/contact/contactus.aspx', 'GHS.html', '#industrial', '#government', '#education', '#foodProcessing', '#foodRetail', '#foodService', '#hospitality', '#vehicleWash', 'http://zep.com/markets/industrial.htm', 'http://zep.com/markets/government.htm', 'http://zep.com/markets/education.htm', 'http://zep.com/markets/food_processing.htm', 'http://zep.com/markets/foodservice.htm', 'http://zep.com/markets/foodretail.htm', 'http://zep.com/markets/hospitality.htm', 'http://zep.com/markets/oilandgas.html', '#next', '#previous', 'http://zep.com/careers/about_adv1.htm', 'http://zep45.com/', 'http://ww.zepbrew.com/', '', 'http://zep.com/about/about_environment.htm', 'http://zep.com/Enviroedge.html', 'http://zep.com/safe2dose.html', 'http://www.zepfooddivision.com/', 'https://education.mxns.com/login/', 'https://www.atlantictraining.com/wave/login/index', 'http://www.zepequipment.com/', 'http://www.mnn.com/health/healthy-spaces/sponsorvideo/zep-inc-leads-green-initiatives-in-chemical-manufacturing', 'http://www.mnn.com/health/healthy-spaces/sponsorvideo/pratt-industries-100-percent-recycled', 'http://www.mnn.com/health/healthy-spaces/sponsorvideo/vision-for-the-future-zep-products-create-jobs-for-the-blind', 'http://government.zep.com/', 'http://twitter.com/ZepSolutions', 'http://zep.com/zepsearch/default2.aspx?country=U', 'http://zep.com/zepsearch/default2.aspx?country=C', 'http://zep.com/contact/contact_intl.htm', 'http://www.twitter.com/ZepSolutions', 'http://www.facebook.com/ZepSuperiorSolutions', 'http://www.linkedin.com/company/zep-inc', 'http://zepsuperiorsolutions.wordpress.com', 'http://zep.com/misc/legal.htm', 'http://zep.com/misc/privacy.htm', 'http://zep.com/documents/CA%20Transparency%20Statement%20(1-4-12).doc', '2013_docs/Terms&Conditions/US Terms&Conditions.pdf', '2013_docs/Terms&Conditions/TC_Canada.pdf', 'about.html', 'announce.html', 'policies.html', 'prices.html', 'links.html', 'local.html', 'http://krp.com/', 'view_cart.asp', 'view_cart.asp', 'http://krp.com/', 'About-Us_ep_7.html', 'Customer-Service_ep_40.html', 'view_wishlist.asp', 'ordertracking.asp', 'myaccount.asp', 'crm.asp?action=contactus', 'Instrument_c_484.html', 'Lan_c_486.html', 'Adapters_c_13.html', 'Alarm-Products_c_272.html', 'Audio-Products_c_7.html', 'Automobile-Accessories_c_256.html', 'Batteries_c_8.html', 'Bulbs-Lamps_c_268.html', 'Cables-Wire_c_9.html', 'Capacitors_c_10.html', 'CoilsInductors_c_18.html', 'Computer-Network-Products_c_264.html', 'Computer-Products_c_11.html', 'Connectors_c_12.html', 'Crystals_c_14.html', 'Data-Switches_c_195.html', 'Diodes_c_15.html', 'Displays_c_20.html', 'EnclosuresBoxes_c_105.html', 'Fuses-and-Fuse-Holders_c_257.html', 'Hardware_c_248.html', 'Home-Theater-Accessories_c_262.html', 'ICs-Integrated-Circuits_c_43.html', 'Ipod-Accessories_c_276.html', 'LEDs_c_21.html', 'Memory_c_22.html', 'Meters_c_23.html', 'Modular_c_44.html', 'Multimeters_c_24.html', 'Patch-Panels_c_45.html', 'Phone-Accessories_c_25.html', 'Photocells_c_26.html', 'Potentiometers_c_115.html', 'Power-Supplies-_c_27.html', 'Relays_c_267.html', 'Resistors_c_29.html', 'Semiconductors_c_33.html', 'Soldering-Irons-Accessories_c_30.html', 'Speakers-Accessories_c_31.html', 'Switches_c_32.html', 'Tools_c_35.html', 'Transformers_c_134.html', 'Video-Products_c_234.html', 'HDMI-and-DVI-Accessories_c_263.html', 'Panel-Mount-Accessories_c_270.html', 'AC-Power-Adapters-AC-AC-AC-DC_c_298.html', 'Old-Radio-Parts_c_458.html', 'InstrumentStorage-Cases_c_475.html', 'Miscellaneous_c_476.html', 'LanDatacom_c_477.html', 'Circuit-Breakers_c_479.html', 'CB-Accessories_c_480.html', 'USB-AdpatersConverters_c_481.html', 'Phone-Accessories_c_482.html', 'Cell-Phone-Accessories_c_483.html', 'X-SERIES-MIC-CONNECTOR-CHASSIS-MOUNT--MALE-_p_2614.html', 'X-SERIES-MIC-CONNECTOR-CHASSIS-MOUNT--MALE-_p_2614.html', 'Y-Cable-w-1-XLR-Female-to-Dual-RCA-Male-Pugs-1-Long_p_359.html', 'Y-Cable-w-1-XLR-Female-to-Dual-RCA-Male-Pugs-1-Long_p_359.html', '11-ROUND-MINIATURE-SPEAKER-WITH-CLEAR-PLASTIC-CONE-_p_673.html', '11-ROUND-MINIATURE-SPEAKER-WITH-CLEAR-PLASTIC-CONE-_p_673.html', '15-PIN-VGA-MALE-TO-FEMALE-RIGHT-ANGLE-ADAPTER_p_545.html', '15-PIN-VGA-MALE-TO-FEMALE-RIGHT-ANGLE-ADAPTER_p_545.html', '2-12-ROUND-MINIATURE-SPEAKER-WITH-CLEAR-PLASTIC-CONE_p_674.html', '2-12-ROUND-MINIATURE-SPEAKER-WITH-CLEAR-PLASTIC-CONE_p_674.html', '2-ROUND-MINIATURE-PRECISION-MADE-SPEAKER_p_678.html', '2-ROUND-MINIATURE-PRECISION-MADE-SPEAKER_p_678.html', '25MM-STEREO-Y-CABLE-FOR-CELLULAR-TELEPHONE-INTERFACING-_p_573.html', '25MM-STEREO-Y-CABLE-FOR-CELLULAR-TELEPHONE-INTERFACING-_p_573.html', '20-PIN-WIRE-WRAP-ROUND-PIN-IC-SOCKET_p_2982.html', '20-PIN-WIRE-WRAP-ROUND-PIN-IC-SOCKET_p_2982.html', '3-12-Professional-Digital-Multimeter_p_3127.html', '3-12-Professional-Digital-Multimeter_p_3127.html', '3-SQUARE-FRAME-PRECISON-MADE-SPEAKER_p_682.html', '3-SQUARE-FRAME-PRECISON-MADE-SPEAKER_p_682.html', '35-PLUG-TO-235-JACK-Y-ADAPTOR-MOLDED_p_1264.html', '35-PLUG-TO-235-JACK-Y-ADAPTOR-MOLDED_p_1264.html', '35MM-STEREO-SOLDER-TYPE-RA_p_62.html', '35MM-STEREO-SOLDER-TYPE-RA_p_62.html', '38-2-PIN-ELECTRET-CONDENSER-MICROPHONE-ELEMENT_p_283.html', '38-2-PIN-ELECTRET-CONDENSER-MICROPHONE-ELEMENT_p_283.html', '31-in-1-Precision-Electronic-Screwdriver-Set_p_3599.html', '31-in-1-Precision-Electronic-Screwdriver-Set_p_3599.html', '6-DB9-MALE-TO-9-PIN-MINI-DIN-SHARP-SERIAL-INTERFACE-CABLE_p_552.html', '6-DB9-MALE-TO-9-PIN-MINI-DIN-SHARP-SERIAL-INTERFACE-CABLE_p_552.html', '600-OHM--600-OHM-ISOLATION-TRANSFORMER_p_1210.html', '600-OHM--600-OHM-ISOLATION-TRANSFORMER_p_1210.html', '6-VOLT-FILAMENT-TRANSFORMER_p_1208.html', '6-VOLT-FILAMENT-TRANSFORMER_p_1208.html', '7-pc-Cellular-Phone-Tool-Kit_p_3580.html', '7-pc-Cellular-Phone-Tool-Kit_p_3580.html', 'AC-POWER-CORD-12-MALE-TO-2-FEMALE-EXTENSION-Y-ADAPTOR_p_2622.html', 'AC-POWER-CORD-12-MALE-TO-2-FEMALE-EXTENSION-Y-ADAPTOR_p_2622.html', 'ADJUSTABLE-CIGARETTE-LIGHTER-PLUG-WITH-SWITCH_p_621.html', 'ADJUSTABLE-CIGARETTE-LIGHTER-PLUG-WITH-SWITCH_p_621.html', 'BNC-CONNECTORS--STANDARD-CLAMP-WITH-SOLDER-PINS_p_1553.html', 'BNC-CONNECTORS--STANDARD-CLAMP-WITH-SOLDER-PINS_p_1553.html', 'CAR-USB-CONVERTER-DC5V400mA-1224V-INPUT_p_1814.html', 'CAR-USB-CONVERTER-DC5V400mA-1224V-INPUT_p_1814.html', 'CENTRONIC-CONNECTORS--SOLDER-TYPE_p_1274.html', 'CENTRONIC-CONNECTORS--SOLDER-TYPE_p_1274.html', 'CENTRONIC-CONNECTORS-SOLDER-TYPE-WITH-METAL-HOOD_p_1297.html', 'CENTRONIC-CONNECTORS-SOLDER-TYPE-WITH-METAL-HOOD_p_1297.html', 'CIGARETTE-LIGHTER-PLUG-WITH-20-AMP-FUSE_p_611.html', 'CIGARETTE-LIGHTER-PLUG-WITH-20-AMP-FUSE_p_611.html', 'DATA-SWITCH-BOX-BNC-2-WAY_p_1356.html', 'DATA-SWITCH-BOX-BNC-2-WAY_p_1356.html', 'DATA-SWITCH-BOX-CN36DB25-PIN2-WAY_p_11.html', 'DATA-SWITCH-BOX-CN36DB25-PIN2-WAY_p_11.html', 'DATA-SWITCH-BOX-RJ11-3-WAY-_p_22.html', 'DATA-SWITCH-BOX-RJ11-3-WAY-_p_22.html', 'D-SUB-SWITCH-BOXES_p_1352.html', 'D-SUB-SWITCH-BOXES_p_1352.html', 'FUSE-HOLDER-UL-VERSION_p_630.html', 'FUSE-HOLDER-UL-VERSION_p_630.html', 'HDMI-FEMALE-TO-HDMI-PANEL-MOUNT-FEMALE--6_p_532.html', 'HDMI-FEMALE-TO-HDMI-PANEL-MOUNT-FEMALE--6_p_532.html', 'LAPTOP-USB-LIGHT-ILLUMINATION-_p_2383.html', 'LAPTOP-USB-LIGHT-ILLUMINATION-_p_2383.html', 'MALE-TO-MALE-TYPE-A-USB-ADAPTER_p_1073.html', 'MALE-TO-MALE-TYPE-A-USB-ADAPTER_p_1073.html', 'Mini-UHF-RIGHT-ANGLE-PCB-MOUNT-JACK_p_2700.html', 'Mini-UHF-RIGHT-ANGLE-PCB-MOUNT-JACK_p_2700.html', 'MINI-USB-4-PIN-MALE-TO-MINI-USB-4-PIN-MALE-3-CABLE_p_1061.html', 'MINI-USB-4-PIN-MALE-TO-MINI-USB-4-PIN-MALE-3-CABLE_p_1061.html', 'PANEL-MOUNT-FUSE-HOLDER--x-1-63-x-32MM_p_3038.html', 'PANEL-MOUNT-FUSE-HOLDER--x-1-63-x-32MM_p_3038.html', 'PASSIVE-3-WAY-TOSLINK-OPTICAL-SWITCH_p_982.html', 'PASSIVE-3-WAY-TOSLINK-OPTICAL-SWITCH_p_982.html', 'Precision-Tri-Wing-Screwdriver--000_p_3573.html', 'Precision-Tri-Wing-Screwdriver--000_p_3573.html', 'ProsKit-Mini-Soldering-Iron--15W_p_3374.html', 'ProsKit-Mini-Soldering-Iron--15W_p_3374.html', 'PUSHBUTTON-BINDING-POST-TERMINAL-CUP_p_606.html', 'PUSHBUTTON-BINDING-POST-TERMINAL-CUP_p_606.html', 'RJ-45-USB-CABLE-TESTOR-_p_2624.html', 'RJ-45-USB-CABLE-TESTOR-_p_2624.html', 'Round-Hole-Breadboard--1580-Tie-Points_p_3536.html', 'Round-Hole-Breadboard--1580-Tie-Points_p_3536.html', 'SHIELDED-RGBHV-CABLE-MOUNTED-IN-A-STAINLESS-STEEL-WALL-PLATE_p_869.html', 'SHIELDED-RGBHV-CABLE-MOUNTED-IN-A-STAINLESS-STEEL-WALL-PLATE_p_869.html', 'SHIELDED-Y-35MM-STEREO-PLUG-TO-DUAL-GOLD-RCA-JACKS_p_563.html', 'SHIELDED-Y-35MM-STEREO-PLUG-TO-DUAL-GOLD-RCA-JACKS_p_563.html', 'TYPE-A-FEMALE-USB-TO-TYPE-B-FEMALE-USB-ADAPTER_p_1077.html', 'TYPE-A-FEMALE-USB-TO-TYPE-B-FEMALE-USB-ADAPTER_p_1077.html', 'USB-B-FEMALE-PCB_p_2732.html', 'USB-B-FEMALE-PCB_p_2732.html', 'USB-ADAPTOR-A-FEMALE-TO-Mini-B-5C-MALE_p_2225.html', 'USB-ADAPTOR-A-FEMALE-TO-Mini-B-5C-MALE_p_2225.html', 'USB-CAR-CHARGER_p_859.html', 'USB-CAR-CHARGER_p_859.html', 'USB-TO-DB9M-SERIAL-PORT-ADAPTOR-_p_2381.html', 'USB-TO-DB9M-SERIAL-PORT-ADAPTOR-_p_2381.html', 'product_index.asp', 'category_index.asp', 'https://www.3dcart.com', 'https://www.swinglifestyle.com/login/loginhelp.cfm', 'https://www.swinglifestyle.com/public/signup/new/?signup=SLSCOM208', 'terms.html', 'privacy.html', 'http://www.4.cn/search/detail/domain/tzn.com', 'http://www.4.cn/search/detail/domain/tzn.com', 'home.php', 'search_more.php', 'photos.php', 'blogs.php', 'search.php?st=online', 'index.php', 'pass_lost.php', 'join.php', 'join.php', 'http://www.yid.com/fbjoin.php', 'search.php?st=new', 'http://www.yid.com/profile.php?uid=19629', 'http://www.yid.com/profile.php?uid=19629', 'http://www.yid.com/profile.php?uid=19626', 'http://www.yid.com/profile.php?uid=19626', 'http://www.yid.com/profile.php?uid=19621', 'http://www.yid.com/profile.php?uid=19621', 'http://www.yid.com/profile.php?uid=19620', 'http://www.yid.com/profile.php?uid=19620', 'http://www.yid.com/profile.php?uid=19619', 'http://www.yid.com/profile.php?uid=19619', 'http://www.yid.com/profile.php?uid=19615', 'http://www.yid.com/profile.php?uid=19615', 'http://www.yid.com', 'tos.php', 'privacy.php', 'contact.php', '#', 'http://vwm.com/#services', 'http://vwm.com/#work', 'http://vwm.com/#case-studies', 'http://vwm.com/#about', 'http://vwm.com/#blog', 'http://vwm.com/#contact', 'tel:+1-855-826-9378', '#request', '#', 'tel:+1-855-826-9378', '#', 'http://vwm.com/#services', 'http://vwm.com/#work', 'http://vwm.com/#case-studies', 'http://vwm.com/#about', 'http://vwm.com/#blog', 'http://vwm.com/#contact', 'http://vwm.com', 'http://vwm.com/service/web-design-development/?utm_source=Website&utm_medium=landingpage&utm_campaign=LearnMore', 'http://vwm.com/service/web-design-development/?utm_source=Website&utm_medium=landingpage&utm_campaign=LearnMore', 'http://vwm.com/projects/schmackarys/?utm_source=Website&utm_medium=shmackarys&utm_campaign=LearnMore', 'http://vwm.com/projects/schmackarys/?utm_source=Website&utm_medium=shmackarys&utm_campaign=LearnMore', 'http://vwm.com/service/social-media-strategy/?utm_source=Website&utm_medium=socialmedia&utm_campaign=LearnMore', 'http://vwm.com/service/social-media-strategy/?utm_source=Website&utm_medium=socialmedia&utm_campaign=LearnMore', 'http://vwm.com/projects/profound-cloud/?utm_source=Website&utm_medium=profoundcloud&utm_campaign=LearnMore', 'http://vwm.com/projects/profound-cloud/?utm_source=Website&utm_medium=profoundcloud&utm_campaign=LearnMore', 'http://vwm.com/service/logo-branding/?utm_source=Website&utm_medium=standupny&utm_campaign=LearnMore', 'http://vwm.com/service/logo-branding/?utm_source=Website&utm_medium=standupny&utm_campaign=LearnMore', '#contact', 'events/vwm-and-goldman-sachs-10000-small-businesses-program/', 'http://www.bbb.org/new-york-city/business-reviews/internet-marketing-services/van-west-group-llc-in-new-york-ny-138401/#bbbonlineclick', 'http://vwm.com/service/web-design-development/', 'http://vwm.com/service/social-media-strategy/', 'http://vwm.com/service/analytics-and-optimization/', 'http://vwm.com/service/inbound-marketing-new-york-city-van-west-media/', 'http://vwm.com/service/e-commerce/', 'http://vwm.com/service/website-hosting-and-support/', 'http://vwm.com/service/logo-and-branding/', 'http://vwm.com/service/strategy-and-consulting/', 'http://vwm.com/service/review-reputation-management/', '#', 'all', '1105', '1090', '1091', '1089', '1093', '1094', '1092', 'http://vwm.com/projects/broadpeak/', 'http://vwm.com/projects/golden-door-hospitality/', 'http://vwm.com/projects/residences-ritz-carlton-westchester/', 'http://vwm.com/projects/dream-greens/', 'http://vwm.com/projects/pyramid-america/', 'http://vwm.com/projects/apollo-jets-brand-strategy/', 'http://vwm.com/projects/flos-architectural/', 'http://vwm.com/projects/greenburgh-nature-center/', 'http://vwm.com/projects/crosstex-international/', 'http://vwm.com/projects/aerofarms/', 'http://vwm.com/projects/club-fit/', 'http://vwm.com/projects/schmackarys-e-commerce/', 'http://vwm.com/projects/schwartz-sladkus-reich-greenberg-atlas-llp/', 'http://vwm.com/projects/workforce-professionals-training-institute/', 'http://vwm.com/projects/profound-cloud/', 'http://vwm.com/projects/sos-chefs/', 'http://vwm.com/projects/new-rochelle-animal-hospital-custom-website-design/', 'http://vwm.com/projects/daily-pantry-website-design/', 'http://vwm.com/projects/michael-paul-enterprises-llc-design-solutions/', 'http://vwm.com/projects/dusenbery-law-legal/', 'http://vwm.com/projects/bronx-house-nonprofit/', 'http://vwm.com/projects/unitarian-universalist-congregation-at-shelter-rock-nonprofit/', 'http://vwm.com/projects/ruby-and-jacks-doggy-shack-animal-services/', 'http://vwm.com/projects/animal-health-center-veterinary-clinic/', 'http://vwm.com/projects/72-poplar-real-estate-marketing/', 'http://vwm.com/projects/golden-door-hospitality/', 'http://vwm.com/projects/pyramid-america/', 'http://vwm.com/projects/schmackarys-e-commerce/', 'http://vwm.com/projects/sos-chefs/', 'http://vwm.com/projects/schwartz-sladkus-reich-greenberg-atlas-llp/', 'http://vwm.com/projects/dusenbery-law-legal/', 'http://vwm.com/projects/crosstex-international/', 'http://vwm.com/projects/new-rochelle-animal-hospital-custom-website-design/', 'http://vwm.com/projects/animal-health-center-veterinary-clinic/', 'http://vwm.com/projects/greenburgh-nature-center/', 'http://vwm.com/projects/workforce-professionals-training-institute/', 'http://vwm.com/projects/bronx-house-nonprofit/', 'http://vwm.com/projects/unitarian-universalist-congregation-at-shelter-rock-nonprofit/', 'http://vwm.com/projects/residences-ritz-carlton-westchester/', 'http://vwm.com/projects/michael-paul-enterprises-llc-design-solutions/', 'http://vwm.com/projects/72-poplar-real-estate-marketing/', 'http://vwm.com/projects/pyramid-america/', 'http://vwm.com/projects/aerofarms/', 'http://vwm.com/projects/schmackarys-e-commerce/', 'http://vwm.com/projects/sos-chefs/', 'http://vwm.com/projects/daily-pantry-website-design/', 'http://vwm.com/projects/broadpeak/', 'http://vwm.com/projects/golden-door-hospitality/', 'http://vwm.com/projects/residences-ritz-carlton-westchester/', 'http://vwm.com/projects/dream-greens/', 'http://vwm.com/projects/apollo-jets-brand-strategy/', 'http://vwm.com/projects/flos-architectural/', 'http://vwm.com/projects/aerofarms/', 'http://vwm.com/projects/club-fit/', 'http://vwm.com/projects/schwartz-sladkus-reich-greenberg-atlas-llp/', 'http://vwm.com/projects/profound-cloud/', 'http://vwm.com/projects/new-rochelle-animal-hospital-custom-website-design/', 'http://vwm.com/projects/ruby-and-jacks-doggy-shack-animal-services/', 'http://vwm.com/projects/animal-health-center-veterinary-clinic/', 'http://vwm.com/projects/broadpeak/', 'http://vwm.com/projects/golden-door-hospitality/', 'http://vwm.com/projects/residences-ritz-carlton-westchester/', 'http://vwm.com/projects/dream-greens/', 'http://vwm.com/projects/pyramid-america/', 'http://vwm.com/projects/apollo-jets-brand-strategy/', 'http://vwm.com/projects/flos-architectural/', 'http://vwm.com/projects/greenburgh-nature-center/', 'http://vwm.com/projects/crosstex-international/', 'http://vwm.com/projects/aerofarms/', 'http://vwm.com/projects/club-fit/', 'http://vwm.com/projects/schmackarys-e-commerce/', 'http://vwm.com/projects/schwartz-sladkus-reich-greenberg-atlas-llp/', 'http://vwm.com/projects/workforce-professionals-training-institute/', 'http://vwm.com/projects/profound-cloud/', 'http://vwm.com/projects/sos-chefs/', 'http://vwm.com/projects/new-rochelle-animal-hospital-custom-website-design/', 'http://vwm.com/projects/daily-pantry-website-design/', 'http://vwm.com/projects/michael-paul-enterprises-llc-design-solutions/', 'http://vwm.com/projects/dusenbery-law-legal/', 'http://vwm.com/projects/bronx-house-nonprofit/', 'http://vwm.com/projects/unitarian-universalist-congregation-at-shelter-rock-nonprofit/', 'http://vwm.com/projects/ruby-and-jacks-doggy-shack-animal-services/', 'http://vwm.com/projects/animal-health-center-veterinary-clinic/', 'http://vwm.com/projects/72-poplar-real-estate-marketing/', 'http://vwm.com/studies/studio-libeskind/', 'http://vwm.com/studies/crosstex-international-medical/', 'http://vwm.com/studies/veterinary-clinic-vet-village-animal-health-center/', 'http://vwm.com/client-testimonials/', 'http://vwm.com/teams/shad-leadership-and-digital-marketing/', 'http://vwm.com/teams/okey-art-director/', 'http://vwm.com/teams/travis-digital-marketing-and-seo/', 'http://vwm.com/teams/peter/', 'http://vwm.com/teams/julie-lead-graphic-designer/', 'http://vwm.com/teams/nina-senior-graphic-designer/', 'http://vwm.com/teams/jaqueline/', 'http://vwm.com/teams/stephanie/', 'http://vwm.com/teams/darren-search-engine-marketing/', 'http://vwm.com/careers/', 'http://vwm.com/press-and-events/', 'http://vwm.com/faqs/', 'http://vwm.com/blog/african-safari-and-digital-marketing/', 'http://vwm.com/blog/8-cs-of-social-commerce/', 'http://vwm.com/blog/client-spotlight-club-fit-new-website/', 'http://vwm.com/blog/st-patricks-day-beer-extravaganza/', 'http://vwm.com/blog/client-spotlight-twin-parks/', 'http://vwm.com/blog/van-west-media-welcomes-our-newest-addition/', 'http://vwm.com/blog/why-an-instagram-business-profile-is-best-for-your-brand/', 'http://vwm.com/blog/using-artificial-intelligence-to-engage-consumers/', 'http://vwm.com/page/2/#blog', 'tel:+1-855-826-9378', 'mailto:info@vanwestmedia.com', 'https://www.google.com/maps/place/121 W 27th St Suite 1202 New York, NY 10001/@40.7461073,-73.9919957,17z/data=!3m1!4b1!4m2!3m1!1s0x89c259a578eef421:0x4eab841594214a0a', 'https://www.linkedin.com/company/van-west-media', 'https://www.facebook.com/vanwestmedia', 'https://twitter.com/VanWestMedia', 'https://instagram.com/vanwestmedia', 'hubspot/', 'events/vwm-and-goldman-sachs-10000-small-businesses-program/', 'http://www.bbb.org/new-york-city/business-reviews/internet-marketing-services/van-west-group-llc-in-new-york-ny-138401/#bbbonlineclick', 'http://www.bbb.org/new-york-city/business-reviews/internet-marketing-services/van-west-group-llc-in-new-york-ny-138401/#bbbonlineclick', 'vwm.com/privacy-policy', 'vwm.com/privacy-policy', 'http://wpa.qq.com/msgrd?V=3&uin=28518&Site=jueming.com&Menu=yes', 'http://www.51.la/?19001687', 'http://aaw.com/', 'http://aaw.com/', 'http://aaw.com/ar/', 'https://www.facebook.com/AAWAlMutawa/', 'http://www.linkedin.com/company/ali-abdulwahab-sons-&-co.', 'https://twitter.com/AAWAlMutawa', 'http://instagram.com/aawalmutawa', 'http://aaw.com/whatsapp', 'http://aaw.com/', 'http://aaw.com/?page_id=2', 'http://aaw.com/aaw-awards/', 'http://aaw.com/about-us/', 'http://aaw.com/news/', 'http://aaw.com/careers/', '#', 'http://aaw.com/business/consumer-goods/', 'http://aaw.com/business/consumer-goods/clorox/', 'http://aaw.com/business/consumer-goods/consumer-inner/', 'http://aaw.com/business/home-office-furniture/', 'http://aaw.com/business/home-office-furniture/century-furniture/', 'http://aaw.com/business/home-appliances/', 'http://aaw.com/business/home-appliances/bosch-siemens/', 'http://aaw.com/business/home-appliances/kelvinator/', 'http://aaw.com/business/home-appliances/neff/', 'http://aaw.com/business/kitchen-furniture/', 'http://aaw.com/business/kitchen-furniture/la-cornue-2/', 'http://aaw.com/business/kitchen-furniture/nolte-kitchen/', 'http://aaw.com/business/kitchen-furniture/wery-professional-kitchens/', 'http://aaw.com/business/outdoor-products/', 'http://aaw.com/business/outdoor-products/carbon-fiber/', 'http://aaw.com/business/outdoor-products/explorers-base/', 'http://aaw.com/business/outdoor-products/the-north-face/', 'http://aaw.com/business/outdoor-products/vans/', 'http://aaw.com/business/pharmaceutical/', 'http://aaw.com/business/pharmaceutical/nuxe/', 'http://aaw.com/business/pharmaceutical/hoffman-la-roche/', 'http://aaw.com/business/pharmaceutical/bioderma/', 'http://aaw.com/business/sports-and-fashion/', 'http://aaw.com/business/sports-and-fashion/the-athletes-foot/', 'http://aaw.com/business/sports-and-fashion/shoebox-new-york/', 'http://aaw.com/business/sports-and-fashion/nike/', 'http://aaw.com/business/sports-and-fashion/crocs/', 'http://aaw.com/retail-outlets/', 'http://aaw.com/contact-us/', 'http://aaw.com/business/pharmaceutical/', 'http://aaw.com/business/home-appliances/', 'http://aaw.com/?business=consumer-goods', 'http://aaw.com/?business=sports-and-fashion', 'http://aaw.com/?business=home-office-furniture', 'http://aaw.com/?business=outdoor-products', 'http://aaw.com/business/kitchen-furniture/', 'http://aaw.com/about-us/', 'http://aaw.com/careers/', 'http://aaw.com/business/pharmacovigilance/', 'http://aaw.com/business/pharmacovigilance/', 'http://aaw.com/business/consumer-goods/', 'http://aaw.com/business/consumer-goods/', 'http://aaw.com/business/home-office-furniture/', 'http://aaw.com/business/home-office-furniture/', 'http://aaw.com/business/home-appliances/', 'http://aaw.com/business/home-appliances/', 'http://aaw.com/business/kitchen-furniture/', 'http://aaw.com/business/kitchen-furniture/', 'http://aaw.com/business/outdoor-products/', 'http://aaw.com/business/outdoor-products/', 'http://aaw.com/business/pharmaceutical/', 'http://aaw.com/business/pharmaceutical/', 'http://aaw.com/business/sports-and-fashion/', 'http://aaw.com/business/sports-and-fashion/', 'http://aaw.com/aaw-furniture-launches-summer-special-prepare-for-summer-with-up-to-60-off/', 'http://aaw.com/aaw-furniture-launches-summer-special-prepare-for-summer-with-up-to-60-off/', 'http://aaw.com/careers/', 'http://aaw.com/about-us/', 'http://aaw.com/wp-content/uploads/2013/06/video1.jpg', '', '', '', '', '', '', '', '', '', '', '', '', '', '', '', '', 'http://aaw.com/', '', '', '', '', '', '', '', '', '', 'http://aaw.com/?page_id=2', 'http://aaw.com/about-us/', 'http://aaw.com/aaw-awards/', 'http://aaw.com/careers/', 'http://aaw.com/news/', 'http://aaw.com/contact-us/', 'http://aaw.com/business-lines/', 'http://aaw.com/business/consumer-goods/', 'http://aaw.com/business/sports-and-fashion/', 'http://aaw.com/business/kitchen-furniture/', 'http://aaw.com/business/pharmaceutical/', 'http://aaw.com/business/home-office-furniture/', 'http://aaw.com/business/home-appliances/', 'http://aaw.com/business/outdoor-products/', 'http://aaw.com/privacy-statement/', 'http://aaw.com/terms-of-use/', 'http://aaw.com/feedback/', 'https://www.facebook.com/AAWAlMutawa/', 'http://www.linkedin.com/company/ali-abdulwahab-sons-&-co.', 'https://twitter.com/AAWAlMutawa', 'http://instagram.com/aawalmutawa', '#', 'http://lxi.com/', 'http://lxi.com/', '#', 'http://lxi.com/Products/MMS', 'http://lxi.com/Products/Console_Management', 'http://lxi.com/Products/Job_Scheduler', 'http://lxi.com/Products/Message_Management', 'http://lxi.com/Products/Report_Distribution', 'http://lxi.com/Products/Spooled_File_Management', 'http://lxi.com/Downloads', 'http://lxi.com/Support', 'http://lxi.com/Home/Contact', 'http://lxi.com/Home/About', 'http://lxi.com/Account/Register', 'http://lxi.com/Account/Login', 'http://lxi.com/Products/MMS', 'http://lxi.com/Products/Message_Management', 'http://lxi.com/Products/Job_Scheduler', 'http://lxi.com/Products/Report_Distribution', 'http://lxi.com/Overview/MMS', 'http://lxi.com/Overview/PAG', 'http://lxi.com/Overview/SCH', 'http://lxi.com/Overview/RDS', '#terms', '#privacy', ' http://www.perfectname.com/domains/index.php?domain=qfm.com', ' http://www.perfectname.com/domains/index.php?domain=qfm.com', 'https://www.google.com/adsense/support/bin/request.py?contact=abg_afc&hideleadgen=1', ' http://www.perfectname.com/domains/index.php?domain=qfm.com', ' http://www.perfectname.com/domains/index.php?domain=qfm.com', ' http://www.perfectname.com/domains/index.php?domain=qfm.com', 'http://sedoparking.com/en', 'https://www.sedo.com/services/parking.php3', './index.html', './leistungen.html', './domains.html', './anfragen.html', './impressum.html', './leistungen.html', './leistungen.html', './anfragen.html', './leistungen.html', './leistungen.html', 'http://de.hom.com/', 'http://fr.hom.com/', 'http://global.hom.com/', 'http://uk.hom.com/', '#de', '#fr', '#global', '#uk', 'http://de.hom.com/', 'http://fr.hom.com/', 'http://global.hom.com/', 'http://uk.hom.com/', ' http://www.perfectname.com/domains/index.php?domain=msw.com', ' http://www.perfectname.com/domains/index.php?domain=msw.com', 'https://www.google.com/adsense/support/bin/request.py?contact=abg_afc&hideleadgen=1', ' http://www.perfectname.com/domains/index.php?domain=msw.com', ' http://www.perfectname.com/domains/index.php?domain=msw.com', ' http://www.perfectname.com/domains/index.php?domain=msw.com', 'http://sedoparking.com/en', 'https://www.sedo.com/services/parking.php3', 'mailto:ron@nwx.com', 'http://www.hgk.com/', '#content', 'http://www.hgk.com/value-equity/process/', 'http://www.hgk.com/value-equity/process/', 'http://www.hgk.com/value-equity/large-cap-value/', 'http://www.hgk.com/value-equity/mid-cap-value/', 'http://www.hgk.com/value-equity/small-cap-value/', 'http://www.hgk.com/fixed-income/process/', 'http://www.hgk.com/fixed-income/process/', 'http://www.hgk.com/fixed-income/core/', 'http://www.hgk.com/fixed-income/intermediate/', 'http://www.hgk.com/fixed-income/short-term/', 'http://www.hgk.com/international-equity/process/', 'http://www.hgk.com/international-equity/process/', 'http://www.hgk.com/international-equity/international/', 'http://www.hgk.com/international-equity/global/', 'http://www.hgk.com/category/investment-management/', 'http://www.hgk.com/category/investment-management/', 'http://www.hgk.com/category/sales-client-service/', 'http://www.hgk.com/category/operations/', 'http://www.hgk.com/contact/', 'http://www.hgk.com/privacy-policy/', 'http://www.mdr.com/', 'basket.asp', 'basket.asp', 'https://www.mdr.com/login.asp', 'http://www.mdr.com/', 'http://www.mdr.com/Aboutus.asp', 'http://www.mdr.com/help.asp', 'http://www.mdr.com/contactus.asp', 'https://www.mdr.com/inforequest.asp', 'http://www.mdr.com/basket.asp', 'http://www.mdr.com/statuslogin.asp', 'http://www.mdr.com/Daily-Wellness/products/2/', 'http://www.mdr.com/Anti-Aging-_-Longevity/products/1/', 'http://www.mdr.com/Energy_Stress/products/4/', 'http://www.mdr.com/Heart-Health/products/3/', 'http://www.mdr.com/Vision/products/10/', 'http://www.mdr.com/Digestion/products/7/', 'http://www.mdr.com/Immunity/products/9/', 'http://www.mdr.com/Bones-Joints/products/5/', 'http://www.mdr.com/Memory-Brain-Health/products/6/', 'http://www.mdr.com/Personal-Care/products/8/', 'http://www.mdr.com/Vital-Factors/products/11/', 'http://www.mdr.com/Value-Programs/products/13/', 'http://www.mdr.com/Skin-Care/products/14/', 'http://www.mdr.com/Skin-Care/products/14/', 'login.asp', 'http://www.mdr.com/Vital-Factors-brAge-Defying-Nutritional-Complex-br/productinfo/390650/', 'http://www.mdr.com/Vital-Factors-brAge-Defying-Nutritional-Complex-br/productinfo/390650/', 'http://www.medicalnewstoday.com/', 'http://www.mdr.com/Aboutus.asp', 'http://www.mdr.com/Terms.asp', 'http://www.mdr.com/privacy.asp', 'http://www.mdr.com/Testimonials.asp', 'http://www.mdr.com/sitemap.asp', 'https://www.mdr.com/login.asp', 'http://www.mdr.com/basket.asp', 'http://www.mdr.com/help.asp', 'http://www.mdr.com/Returns.asp', 'http://www.mdr.com/contactus.asp', 'https://www.mydomaincontact.com/index.php?domain_name=kmy.com', 'javascript:void(0);', 'http://eqx.com/default.aspx', 'http://eqx.com/default.aspx', 'http://eqx.com/about-us/', 'http://eqx.com/products/general.aspx', 'http://eqx.com/technical-info/', 'http://eqx.com/downloads/', 'http://eqx.com/contact/', 'http://eqx.com/_downloads/Metalfin-A5-roll-fold-v6-pages.pdf', 'http://www.stainless-steel-world.net/ssw2015/', 'http://eqx.com/products/general.aspx', 'http://eqx.com/products/stainless-steel.aspx', 'http://eqx.com/products/processing-services.aspx', 'http://eqx.com/about-us/', 'http://eqx.com/products/general.aspx', 'http://eqx.com/technical-info/', 'http://eqx.com/downloads/', 'http://eqx.com/contact/', 'mailto:sales@metalfinuk.com', 'http://eqx.com/_downloads/metalfin-ltd_conditions-of-sale.pdf', 'http://eqx.com/_downloads/metalfin-ltd_conditions-of-purchase.pdf', 'http://www.fdg-ltd.com', 'http://jcs.com/', 'http://jcs.com/', 'http://jcs.com/careers', '#', 'http://jcs.com/about-us', 'http://jcs.com/engineering-services', 'http://jcs.com/engineering-services/process-and-controls-development-and-design', 'http://jcs.com/engineering-services/engineering-studies-and-evaluations', 'http://jcs.com/engineering-services/project-management', 'http://jcs.com/engineering-services/product-development-r-d', 'http://jcs.com/products', 'http://jcs.com/products/the-ultra-family-of-products', 'http://jcs.com/products/jcs-continuous-standardization', 'http://jcs.com/products/batching', 'http://jcs.com/products/pasteurization-systems-htst', 'http://jcs.com/products/clean-in-place-cip', 'http://jcs.com/products/control-system', 'http://jcs.com/service-support', 'http://jcs.com/blog', 'http://jcs.com/contact', 'https://www.facebook.com/JCSProcess', 'http://jcs.com/8-news/2-jcs-highlighted-in-food-engineering-magazine-2', 'http://jcs.com/8-news/2-jcs-highlighted-in-food-engineering-magazine-2', 'http://jcs.com/marketing-materials', 'http://jcs.com/marketing-materials', 'http://jcs.com/', 'http://jcs.com/sitemap', 'http://www.masondigital.com', 'http://yumi.com/domain/vyi.com', 'http://vyi.com/Privacy.html', 'http://www.os.com', 'http://www.tname.com', 'http://www.tisp.com', 'http://www.jok.com/', 'http://www.fashionone.com/showcase', 'javascript:;', 'javascript:;', 'tel:0395332088', 'tel:0409091485', 'http://goo.gl/PbPyXP', 'tel:03 9533 2088', 'https://goo.gl/yNmBMD', 'tel:0395332088', 'tel:0488207240', 'http://goo.gl/f42QgD', 'tel:03 9533 2088', 'https://goo.gl/dDddgC', 'tel:447585561974', 'https://www.google.com.au/maps/place/52+Rathbone+Pl,+Fitzrovia,+London+W1T+1JP,+UK/@51.5167315,-0.1356976,17z/data=!3m1!4b1!4m5!3m4!1s0x48761b2cece1a8f5:0x2fff72801f809322!8m2!3d51.5167315!4d-0.1335089', 'tel:9175335879', 'https://goo.gl/maps/cCChH', 'tel:12128268900', 'https://goo.gl/XsdVYx', 'tel:6462646400', 'https://goo.gl/xuyt4k', 'http://pjt.com/contact#trunkshows', 'http://pjt.com/contact#trunkshows', 'http://pjt.com/contact#trunkshows', 'http://pjt.com/contact#trunkshows', 'http://pjt.com/contact#trunkshows', 'javascript:;', 'http://pjt.com/', 'http://pjt.com/contact#contact-form', 'http://pjt.com/', 'http://pjt.com/', 'http://pjt.com/about', 'http://pjt.com/craft', 'http://pjt.com/gallery', 'http://pjt.com/lookbook', 'http://pjt.com/faqs', 'http://pjt.com/showrooms', 'http://pjt.com/contact', 'http://pjt.com/careers', 'javascript:;', '#lookbook-slides', 'http://pjt.com/showrooms', '#showrooms-slides', '#campaign-slides', 'http://pjt.com/lookbook', '#showrooms-slides', 'http://pjt.com/gallery', 'javascript:;', 'javascript:;', '#', '#', '#', '#', '#', '#', '#', '#', '#']